timestamp,prediction,confidence_level,p_down,p_sideways,p_up
2025-09-23 14:10:00,UP,LOW,0.1831986347009104,0.40436334991084577,0.41243801538824393
2025-09-23 14:15:00,UP,LOW,0.16243172254180166,0.3387226947092605,0.498845582748938
2025-09-23 14:20:00,UP,MEDIUM,0.17190501606457437,0.25879806969063507,0.5692969142447907
2025-09-23 14:25:00,UP,MEDIUM,0.1925750497720439,0.2520239279610553,0.555401022266901
2025-09-23 14:30:00,UP,LOW,0.25226435994838764,0.34626654186141964,0.4014690981901922
2025-09-23 14:35:00,UP,LOW,0.1774365398175097,0.3416672362853867,0.48089622389710324
2025-09-23 14:40:00,UP,LOW,0.2594079707586327,0.3255480635745531,0.41504396566681406
2025-09-23 14:45:00,DOWN,LOW,0.4148473898491207,0.28986382943928923,0.29528878071158954
2025-09-23 14:50:00,DOWN,LOW,0.3708415931538929,0.3197451966591176,0.3094132101869896
2025-09-23 14:55:00,UP,LOW,0.35727150899077953,0.2838278547873213,0.35890063622189833
2025-09-23 15:00:00,DOWN,LOW,0.42538920804900876,0.32105887822340945,0.2535519137275814
2025-09-23 15:05:00,DOWN,LOW,0.527826880217157,0.2647124451637835,0.20746067461905984
2025-09-23 15:10:00,DOWN,LOW,0.5026838315441953,0.2918800472834411,0.2054361211723632
2025-09-23 15:15:00,DOWN,LOW,0.4649239804172034,0.34411102353161194,0.19096499605118458
2025-09-23 15:20:00,DOWN,LOW,0.5343618981573308,0.30444522541261776,0.1611928764300514
2025-09-23 15:25:00,DOWN,MEDIUM,0.6273553759097259,0.23267948109633346,0.13996514299394072
2025-09-24 09:15:00,DOWN,LOW,0.48399370193397423,0.31921851686562025,0.19678778120040552
2025-09-24 09:20:00,DOWN,HIGH,0.7035443419301501,0.1981623689229113,0.09829328914693856
2025-09-24 09:25:00,DOWN,HIGH,0.7524944607440526,0.17329798157168924,0.07420755768425796
2025-09-24 09:30:00,DOWN,HIGH,0.7638878933748859,0.1598655331650142,0.07624657346009923
2025-09-24 09:35:00,DOWN,HIGH,0.7590687381874505,0.15887905912816563,0.08205220268438373
2025-09-24 09:40:00,DOWN,HIGH,0.7907145265693661,0.13485323089769602,0.07443224253293768
2025-09-24 09:45:00,DOWN,HIGH,0.6940833342840915,0.20451028067984542,0.10140638503606339
2025-09-24 09:50:00,DOWN,MEDIUM,0.5913192580794564,0.25779576274418314,0.15088497917636123
2025-09-24 09:55:00,DOWN,MEDIUM,0.5698775722496021,0.2861912978501673,0.1439311299002303
2025-09-24 10:00:00,DOWN,MEDIUM,0.5712878574108557,0.20926097705140403,0.21945116553774047
2025-09-24 10:05:00,DOWN,HIGH,0.768570081307706,0.14073953847901507,0.09069038021327956
2025-09-24 10:10:00,DOWN,HIGH,0.728691468995813,0.1569130510341293,0.11439547997005746
2025-09-24 10:15:00,DOWN,HIGH,0.7914835385274662,0.12937102959404032,0.07914543187849375
2025-09-24 10:20:00,DOWN,HIGH,0.7576785911338306,0.1692585761977472,0.07306283266842276
2025-09-24 10:25:00,DOWN,MEDIUM,0.5544010572640258,0.31736825287001785,0.12823068986595604
2025-09-24 10:30:00,DOWN,LOW,0.46973826442481054,0.36702050865525965,0.16324122691992937
2025-09-24 10:35:00,SIDEWAYS,LOW,0.3624112410864732,0.4232471222181475,0.21434163669537953
2025-09-24 10:40:00,SIDEWAYS,LOW,0.35069116088039665,0.422302153055858,0.22700668606374488
2025-09-24 10:45:00,SIDEWAYS,LOW,0.31246018220783234,0.392086988931471,0.2954528288606963
2025-09-24 10:50:00,SIDEWAYS,LOW,0.24605685280920697,0.4239485001900907,0.32999464700070175
2025-09-24 10:55:00,SIDEWAYS,LOW,0.21897608473333416,0.41284919138685094,0.3681747238798147
2025-09-24 11:00:00,SIDEWAYS,LOW,0.2675919686322118,0.5037787820951964,0.22862924927259143
2025-09-24 11:05:00,SIDEWAYS,MEDIUM,0.22469612062639344,0.5674024752181746,0.207901404155432
2025-09-24 11:10:00,SIDEWAYS,MEDIUM,0.23171818426470067,0.5894511074741959,0.17883070826110334
2025-09-24 11:15:00,SIDEWAYS,MEDIUM,0.2308140671549459,0.6088332880370102,0.16035264480804357
2025-09-24 11:20:00,SIDEWAYS,MEDIUM,0.21689751204654953,0.5952839338404857,0.18781855411296458
2025-09-24 11:25:00,SIDEWAYS,LOW,0.2959704570830555,0.5403914985433774,0.16363804437356702
2025-09-24 11:30:00,SIDEWAYS,LOW,0.4019503671350231,0.41183143596383426,0.1862181969011426
2025-09-24 11:35:00,DOWN,LOW,0.47839643620864913,0.3543493718727557,0.1672541919185945
2025-09-24 11:40:00,DOWN,MEDIUM,0.6000437864771568,0.2788888458991489,0.12106736762369366
2025-09-24 11:45:00,DOWN,LOW,0.496961824471904,0.3669448425316313,0.13609333299646403
2025-09-24 11:50:00,DOWN,MEDIUM,0.6206295328140313,0.2606133524325205,0.11875711475344758
2025-09-24 11:55:00,DOWN,HIGH,0.6518249561205233,0.22605794499520832,0.1221170988842682
2025-09-24 12:00:00,DOWN,MEDIUM,0.6022266662338225,0.25788457823419186,0.13988875553198557
2025-09-24 12:05:00,DOWN,LOW,0.467631535648385,0.36734061821849173,0.16502784613312269
2025-09-24 12:10:00,SIDEWAYS,LOW,0.3041497856715192,0.4145220890154687,0.2813281253130121
2025-09-24 12:15:00,SIDEWAYS,LOW,0.20269416475778204,0.47877422971543476,0.31853160552678306
2025-09-24 12:20:00,SIDEWAYS,LOW,0.1650444139756093,0.47844023933349417,0.3565153466908963
2025-09-24 12:25:00,UP,LOW,0.12632536598346478,0.38078575833767436,0.4928888756788609
2025-09-24 12:30:00,SIDEWAYS,LOW,0.121509738077663,0.482017878793159,0.3964723831291781
2025-09-24 12:35:00,SIDEWAYS,LOW,0.09973123891647742,0.5340933311925734,0.3661754298909493
2025-09-24 12:40:00,SIDEWAYS,MEDIUM,0.09362414506658584,0.5814586812036606,0.3249171737297534
2025-09-24 12:45:00,SIDEWAYS,MEDIUM,0.10610152302870081,0.5610235233696058,0.332874953601693
2025-09-24 12:50:00,SIDEWAYS,LOW,0.15520358346542898,0.46225992706894514,0.3825364894656258
2025-09-24 12:55:00,UP,LOW,0.07259037982781684,0.45404718025164587,0.4733624399205371
2025-09-24 13:00:00,UP,HIGH,0.04404220726821502,0.29994513133974005,0.6560126613920446
2025-09-24 13:05:00,UP,MEDIUM,0.04493256006411769,0.3449224013805152,0.6101450385553671
2025-09-24 13:10:00,UP,HIGH,0.03791790036041213,0.2723266289462502,0.6897554706933376
2025-09-24 13:15:00,UP,MEDIUM,0.04353755175482253,0.37614136723393266,0.5803210810112447
2025-09-24 13:20:00,UP,MEDIUM,0.054855824523469134,0.363093039625015,0.5820511358515157
2025-09-24 13:25:00,UP,LOW,0.05847460862474115,0.42207645110825415,0.5194489402670044
2025-09-24 13:30:00,SIDEWAYS,LOW,0.05184929948679023,0.4875593003964847,0.46059140011672506
2025-09-24 13:35:00,UP,LOW,0.044920910735101585,0.4555315023783131,0.4995475868865857
2025-09-24 13:40:00,SIDEWAYS,LOW,0.04424998049299074,0.49822198323756417,0.457528036269446
2025-09-24 13:45:00,UP,MEDIUM,0.05247524751178551,0.3944515097197237,0.5530732427684907
2025-09-24 13:50:00,UP,MEDIUM,0.05839201432344603,0.3670305561896194,0.574577429486935
2025-09-24 13:55:00,SIDEWAYS,LOW,0.05750385605148579,0.5147634533306669,0.4277326906178475
2025-09-24 14:00:00,UP,LOW,0.05359566904393859,0.4068311624761744,0.5395731684798863
2025-09-24 14:05:00,UP,LOW,0.06439841866988197,0.4592690257361669,0.4763325555939512
2025-09-24 14:10:00,SIDEWAYS,LOW,0.0993849322530822,0.5075250842392612,0.39308998350765634
2025-09-24 14:15:00,SIDEWAYS,MEDIUM,0.10712196811953646,0.6445244610731156,0.24835357080734763
2025-09-24 14:20:00,SIDEWAYS,HIGH,0.14549426032755688,0.6515029923975348,0.20300274727490808
2025-09-24 14:25:00,SIDEWAYS,MEDIUM,0.15573855625350133,0.6493754580086449,0.1948859857378533
2025-09-24 14:30:00,SIDEWAYS,HIGH,0.18435831201815053,0.6759062654311987,0.1397354225506509
2025-09-24 14:35:00,SIDEWAYS,LOW,0.33270133833358584,0.5296957530868633,0.13760290857955013
2025-09-24 14:40:00,SIDEWAYS,MEDIUM,0.2551298395469183,0.6070591479073503,0.13781101254573092
2025-09-24 14:45:00,DOWN,LOW,0.44698569977571423,0.4425644977049894,0.11044980251929637
2025-09-24 14:50:00,DOWN,LOW,0.45769947841310815,0.42675429359821265,0.11554622798867892
2025-09-24 14:55:00,DOWN,MEDIUM,0.6341996650317702,0.2759893599409383,0.08981097502729153
2025-09-24 15:00:00,DOWN,MEDIUM,0.6290027246200781,0.275312949413514,0.0956843259664075
2025-09-24 15:05:00,DOWN,LOW,0.5392086595163842,0.3358110392603174,0.12498030122329877
2025-09-24 15:10:00,DOWN,HIGH,0.662195094679783,0.24521417130163078,0.09259073401858588
2025-09-24 15:15:00,DOWN,MEDIUM,0.5979637496577628,0.265925568384588,0.13611068195764917
2025-09-24 15:20:00,DOWN,HIGH,0.6792219856440056,0.21440284052847133,0.10637517382752304
2025-09-24 15:25:00,DOWN,LOW,0.5095457949328304,0.27289076325367373,0.21756344181349557
2025-09-25 09:15:00,DOWN,HIGH,0.7253545654616204,0.1806856784158683,0.09395975612251081
2025-09-25 09:20:00,DOWN,MEDIUM,0.5585409913583991,0.3007854931629667,0.1406735154786338
2025-09-25 09:25:00,DOWN,HIGH,0.6504557570343464,0.23013563464320289,0.11940860832245032
2025-09-25 09:30:00,DOWN,HIGH,0.6866976673412485,0.21993387481732957,0.09336845784142198
2025-09-25 09:35:00,DOWN,LOW,0.4636502792535964,0.34618802779710156,0.19016169294930158
2025-09-25 09:40:00,DOWN,LOW,0.445173072342755,0.35106010461045095,0.20376682304679367
2025-09-25 09:45:00,DOWN,LOW,0.4593491919102804,0.28347272566018655,0.257178082429533
2025-09-25 09:50:00,DOWN,LOW,0.45198225281527005,0.3516016674906076,0.19641607969412206
2025-09-25 09:55:00,SIDEWAYS,LOW,0.306459998933125,0.43776741881292264,0.2557725822539522
2025-09-25 10:00:00,DOWN,LOW,0.4352251795252578,0.3455646502016998,0.21921017027304235
2025-09-25 10:05:00,DOWN,LOW,0.468753455531087,0.35417768740363725,0.17706885706527584
2025-09-25 10:10:00,DOWN,LOW,0.35069973786025394,0.34284454881575843,0.30645571332398724
2025-09-25 10:15:00,DOWN,LOW,0.44749477681239774,0.36185579179965893,0.1906494313879427
2025-09-25 10:20:00,DOWN,LOW,0.46064401828688184,0.34083922910726094,0.19851675260585674
2025-09-25 10:25:00,DOWN,LOW,0.4412545735005877,0.3645481621077714,0.19419726439164095
2025-09-25 10:30:00,DOWN,LOW,0.49888062579543574,0.33853698878408767,0.1625823854204765
2025-09-25 10:35:00,DOWN,MEDIUM,0.6230041534501565,0.2512779667768896,0.12571787977295357
2025-09-25 10:40:00,DOWN,MEDIUM,0.6202159708443499,0.2893820961627593,0.09040193299289029
2025-09-25 10:45:00,SIDEWAYS,LOW,0.41260012850190886,0.4621251130764497,0.12527475842164157
2025-09-25 10:50:00,SIDEWAYS,LOW,0.39432585919126834,0.4740167132308659,0.13165742757786567
2025-09-25 10:55:00,DOWN,LOW,0.46168063408083054,0.41178049300296443,0.1265388729162047
2025-09-25 11:00:00,DOWN,MEDIUM,0.6230847559742649,0.2874910947651998,0.08942414926053466
2025-09-25 11:05:00,DOWN,MEDIUM,0.5734308612564873,0.3504408207987037,0.07612831794480908
2025-09-25 11:10:00,DOWN,LOW,0.48447584356195234,0.42352448615365457,0.09199967028439278
2025-09-25 11:15:00,SIDEWAYS,LOW,0.39263129821382875,0.5070424874386291,0.10032621434754191
2025-09-25 11:20:00,SIDEWAYS,LOW,0.3443145074033239,0.532746155059566,0.1229393375371095
2025-09-25 11:25:00,DOWN,LOW,0.49755507943871985,0.3718447750203329,0.13060014554094726
2025-09-25 11:30:00,DOWN,MEDIUM,0.6030732806727173,0.2953055122115747,0.10162120711570836
2025-09-25 11:35:00,DOWN,MEDIUM,0.5505595974102887,0.3381058191738131,0.11133458341589811
2025-09-25 11:40:00,SIDEWAYS,LOW,0.39493341742591004,0.48281398729825004,0.12225259527584012
2025-09-25 11:45:00,SIDEWAYS,LOW,0.34084643598550635,0.5253758935259831,0.13377767048851089
2025-09-25 11:50:00,SIDEWAYS,LOW,0.34417604808759256,0.5315291961063843,0.12429475580602324
2025-09-25 11:55:00,SIDEWAYS,LOW,0.36630881056501124,0.4836391617802905,0.15005202765469763
2025-09-25 12:00:00,SIDEWAYS,LOW,0.385609250657566,0.4025717182797364,0.21181903106269748
2025-09-25 12:05:00,DOWN,LOW,0.40815973270075256,0.3898138158071239,0.20202645149212348
2025-09-25 12:10:00,DOWN,LOW,0.42455367510824643,0.38903504080563933,0.1864112840861138
2025-09-25 12:15:00,SIDEWAYS,LOW,0.3468823674047518,0.5124827632498261,0.14063486934542216
2025-09-25 12:20:00,SIDEWAYS,LOW,0.4093669070591408,0.4762950338701422,0.11433805907071677
2025-09-25 12:25:00,DOWN,MEDIUM,0.5875616104065154,0.3184434718766894,0.09399491771679463
2025-09-25 12:30:00,DOWN,MEDIUM,0.6381782597182121,0.28216578716171514,0.07965595312007273
2025-09-25 12:35:00,DOWN,MEDIUM,0.6207135036920792,0.2902617005005017,0.08902479580741905
2025-09-25 12:40:00,DOWN,HIGH,0.6560783373393387,0.2658211415391643,0.07810052112149685
2025-09-25 12:45:00,DOWN,LOW,0.48831254230419036,0.4369700511664367,0.07471740652937303
2025-09-25 12:50:00,SIDEWAYS,LOW,0.4218395677808875,0.47444236079837687,0.10371807142073522
2025-09-25 12:55:00,DOWN,LOW,0.5238480654468648,0.3737061313808565,0.10244580317227865
2025-09-25 13:00:00,SIDEWAYS,LOW,0.36488473114056524,0.49766013735922154,0.13745513150021346
2025-09-25 13:05:00,SIDEWAYS,LOW,0.2973596705128842,0.5397562669576829,0.16288406252943236
2025-09-25 13:10:00,SIDEWAYS,LOW,0.29778653813754674,0.5155151541864484,0.18669830767600476
2025-09-25 13:15:00,SIDEWAYS,LOW,0.2799018800482971,0.5368068239597859,0.18329129599191668
2025-09-25 13:20:00,SIDEWAYS,LOW,0.34372989991079783,0.46378206541896977,0.19248803467023223
2025-09-25 13:25:00,SIDEWAYS,LOW,0.3716979735998603,0.4453233680930605,0.18297865830707905
2025-09-25 13:30:00,DOWN,LOW,0.4638748626872838,0.3648406308588284,0.17128450645388762
2025-09-25 13:35:00,SIDEWAYS,LOW,0.35497281683641024,0.40864678165069807,0.2363804015128916
2025-09-25 13:40:00,SIDEWAYS,LOW,0.2898870330877682,0.3944833261355513,0.3156296407766805
2025-09-25 13:45:00,UP,LOW,0.2244798160596929,0.343624875720836,0.4318953082194714
2025-09-25 13:50:00,UP,LOW,0.1883041546076992,0.32090528695463555,0.49079055843766545
2025-09-25 13:55:00,UP,LOW,0.2369008055810607,0.3110004109636267,0.45209878345531235
2025-09-25 14:00:00,SIDEWAYS,LOW,0.3033824087724796,0.3955397806902579,0.30107781053726185
2025-09-25 14:05:00,DOWN,LOW,0.398112754394906,0.38496215781398263,0.21692508779111122
2025-09-25 14:10:00,DOWN,MEDIUM,0.6031761114303016,0.26835732045601796,0.12846656811368112
2025-09-25 14:15:00,DOWN,MEDIUM,0.5587568085702911,0.28231655113614046,0.15892664029356898
2025-09-25 14:20:00,DOWN,LOW,0.524911774682328,0.29027133146426787,0.1848168938534039
2025-09-25 14:25:00,DOWN,LOW,0.3922870011546277,0.3870385733985925,0.2206744254467794
2025-09-25 14:30:00,SIDEWAYS,LOW,0.35609944869882365,0.3782182365055986,0.2656823147955775
2025-09-25 14:35:00,SIDEWAYS,LOW,0.27779841834250113,0.4477971021511243,0.2744044795063743
2025-09-25 14:40:00,SIDEWAYS,LOW,0.33278784900581715,0.4967456917782563,0.1704664592159264
2025-09-25 14:45:00,DOWN,LOW,0.5010560718399574,0.38797014559358173,0.11097378256646048
2025-09-25 14:50:00,DOWN,LOW,0.528369397206064,0.37329122909706053,0.09833937369687523
2025-09-25 14:55:00,DOWN,MEDIUM,0.5685525930047746,0.3485156556237544,0.0829317513714711
2025-09-25 15:00:00,DOWN,MEDIUM,0.5700693279365094,0.3553717980997959,0.07455887396369436
2025-09-25 15:05:00,DOWN,LOW,0.4860744735463001,0.437539320824988,0.07638620562871182
2025-09-25 15:10:00,DOWN,LOW,0.5256441778002804,0.39522220978914135,0.07913361241057855
2025-09-25 15:15:00,DOWN,MEDIUM,0.5839797804694248,0.34813098787195274,0.06788923165862273
2025-09-25 15:20:00,DOWN,HIGH,0.709931144569772,0.23277704065905236,0.057291814771175516
2025-09-25 15:25:00,DOWN,MEDIUM,0.6070072547575115,0.30466645795224356,0.08832628729024439
2025-09-26 09:15:00,DOWN,HIGH,0.6900624507464823,0.22922837731603424,0.08070917193748332
2025-09-26 09:20:00,DOWN,HIGH,0.6646955366132936,0.25468782526466993,0.08061663812203666
2025-09-26 09:25:00,DOWN,HIGH,0.7280208087616257,0.18519035935461836,0.0867888318837561
2025-09-26 09:30:00,DOWN,HIGH,0.755527913002899,0.15629296545340765,0.08817912154369296
2025-09-26 09:35:00,DOWN,HIGH,0.7980895045879249,0.14156755956944156,0.06034293584263308
2025-09-26 09:40:00,DOWN,HIGH,0.8045580072618072,0.13172682149843346,0.06371517123975946
2025-09-26 09:45:00,DOWN,HIGH,0.7485856744112026,0.17118341296545578,0.08023091262334134
2025-09-26 09:50:00,DOWN,MEDIUM,0.6250815091951742,0.2170451685063141,0.15787332229851156
2025-09-26 09:55:00,DOWN,MEDIUM,0.6087453391232872,0.2594846439866684,0.13177001689004458
2025-09-26 10:00:00,DOWN,MEDIUM,0.5574452317715355,0.2220954702900678,0.22045929793839694
2025-09-26 10:05:00,DOWN,HIGH,0.7576535503344114,0.146067488496823,0.09627896116876576
2025-09-26 10:10:00,DOWN,HIGH,0.7203232928432277,0.15753020906723694,0.12214649808953575
2025-09-26 10:15:00,DOWN,HIGH,0.7349923167930589,0.15902270985587075,0.10598497335107052
2025-09-26 10:20:00,DOWN,HIGH,0.7677060261164844,0.14302764048794434,0.08926633339557084
2025-09-26 10:25:00,DOWN,HIGH,0.750614911414637,0.16055470533791152,0.08883038324745142
2025-09-26 10:30:00,DOWN,MEDIUM,0.5923892931592408,0.26310906435748793,0.14450164248327163
2025-09-26 10:35:00,DOWN,LOW,0.49970715199225574,0.2554361698651383,0.2448566781426057
2025-09-26 10:40:00,DOWN,LOW,0.3899248289065716,0.27828255999491075,0.3317926110985177
2025-09-26 10:45:00,UP,LOW,0.33429338194800723,0.3010654234348737,0.36464119461711875
2025-09-26 10:50:00,DOWN,LOW,0.5087516125898046,0.2774939289864092,0.21375445842378576
2025-09-26 10:55:00,DOWN,MEDIUM,0.6253319130562791,0.242009533415662,0.13265855352805875
2025-09-26 11:00:00,DOWN,MEDIUM,0.621608816282895,0.2538719099156053,0.12451927380149949
2025-09-26 11:05:00,DOWN,MEDIUM,0.5566435357377616,0.31161853771600334,0.13173792654623492
2025-09-26 11:10:00,SIDEWAYS,LOW,0.38658646852602513,0.442919820482808,0.17049371099116706
2025-09-26 11:15:00,SIDEWAYS,LOW,0.34749028743150107,0.4115003299626168,0.2410093826058819
2025-09-26 11:20:00,SIDEWAYS,LOW,0.2984158228274593,0.45106410468068786,0.2505200724918529
2025-09-26 11:25:00,SIDEWAYS,LOW,0.26425170474084864,0.5408581883228212,0.19489010693633
2025-09-26 11:30:00,SIDEWAYS,MEDIUM,0.2592596577401821,0.5767000647961162,0.16404027746370134
2025-09-26 11:35:00,SIDEWAYS,LOW,0.340666346782983,0.5217636135301458,0.13757003968687095
2025-09-26 11:40:00,SIDEWAYS,LOW,0.42179485966996727,0.45621147593693695,0.12199366439309513
2025-09-26 11:45:00,DOWN,LOW,0.5169797805172027,0.36564671340911786,0.11737350607367941
2025-09-26 11:50:00,DOWN,LOW,0.5082546183748258,0.39212738523980756,0.0996179963853666
2025-09-26 11:55:00,SIDEWAYS,LOW,0.37996123040901786,0.5023695743278325,0.11766919526314898
2025-09-26 12:00:00,DOWN,MEDIUM,0.5875762453009099,0.31764633671134596,0.09477741798774415
2025-09-26 12:05:00,DOWN,MEDIUM,0.5860371506942463,0.2944617643841599,0.11950108492159323
2025-09-26 12:10:00,DOWN,LOW,0.5285358787896388,0.35048876331878465,0.12097535789157637
2025-09-26 12:15:00,SIDEWAYS,LOW,0.4172978657588565,0.4466959860112837,0.13600614822985965
2025-09-26 12:20:00,SIDEWAYS,LOW,0.3246695285584291,0.5005326286126394,0.1747978428289317
2025-09-26 12:25:00,SIDEWAYS,LOW,0.4032685711108955,0.41100659337025214,0.18572483551885222
2025-09-26 12:30:00,DOWN,LOW,0.40317619646245423,0.39171585745977333,0.2051079460777726
2025-09-26 12:35:00,SIDEWAYS,LOW,0.2833011490305048,0.49895339029179553,0.21774546067769976
2025-09-26 12:40:00,SIDEWAYS,LOW,0.20084557296934616,0.4451749222628019,0.3539795047678515
2025-09-26 12:45:00,SIDEWAYS,LOW,0.19621029633611792,0.4296174220974138,0.374172281566468
2025-09-26 12:50:00,SIDEWAYS,LOW,0.22770535135349287,0.5066685418630266,0.26562610678348025
2025-09-26 12:55:00,SIDEWAYS,LOW,0.19682552403922776,0.45742867296711315,0.3457458029936586
2025-09-26 13:00:00,SIDEWAYS,LOW,0.20666988154147875,0.43686361556214215,0.3564665028963789
2025-09-26 13:05:00,SIDEWAYS,LOW,0.2758635802678334,0.415066066711868,0.3090703530202983
2025-09-26 13:10:00,UP,LOW,0.2753053705770818,0.3339901803718843,0.3907044490510341
2025-09-26 13:15:00,SIDEWAYS,LOW,0.307637591530122,0.4044078735853311,0.2879545348845465
2025-09-26 13:20:00,SIDEWAYS,LOW,0.3349818046008448,0.3979229352196751,0.26709526017947943
2025-09-26 13:25:00,SIDEWAYS,LOW,0.29660286114561374,0.40451843238126267,0.29887870647312353
2025-09-26 13:30:00,SIDEWAYS,LOW,0.3300923427981341,0.40015240472435426,0.2697552524775115
2025-09-26 13:35:00,SIDEWAYS,LOW,0.30953376728415255,0.35535894502528687,0.33510728769056053
2025-09-26 13:40:00,DOWN,LOW,0.3704439194201397,0.3386332513053759,0.29092282927448404
2025-09-26 13:45:00,DOWN,LOW,0.4235501962711099,0.3747600916202986,0.20168971210859118
2025-09-26 13:50:00,DOWN,LOW,0.41611576948726187,0.39998410678268875,0.18390012373004908
2025-09-26 13:55:00,DOWN,LOW,0.5235485208343278,0.3223554935083991,0.15409598565727262
2025-09-26 14:00:00,DOWN,HIGH,0.6774262620641991,0.21722354391711987,0.1053501940186806
2025-09-26 14:05:00,DOWN,HIGH,0.720880088674272,0.19045943032178275,0.08866048100394484
2025-09-26 14:10:00,DOWN,HIGH,0.7930767873196605,0.14377822728073733,0.0631449853996022
2025-09-26 14:15:00,DOWN,HIGH,0.7922074484863376,0.13985772421546283,0.0679348272981984
2025-09-26 14:20:00,DOWN,HIGH,0.8229550862556818,0.12110294254677832,0.05594197119753961
2025-09-26 14:25:00,DOWN,HIGH,0.757003471325896,0.16618343387795695,0.07681309479614713
2025-09-26 14:30:00,DOWN,HIGH,0.7491127211274679,0.18074360455481406,0.07014367431771856
2025-09-26 14:35:00,DOWN,HIGH,0.6729555521361005,0.22599493427897913,0.10104951358492059
2025-09-26 14:40:00,DOWN,HIGH,0.7830241529839485,0.13783970583654065,0.07913614117951105
2025-09-26 14:45:00,DOWN,HIGH,0.7781315522599987,0.14898996368610024,0.07287848405390074
2025-09-26 14:50:00,DOWN,HIGH,0.7915271843888159,0.14541240931442745,0.0630604062967568
2025-09-26 14:55:00,DOWN,HIGH,0.7554759717117158,0.19090167657588458,0.0536223517123999
2025-09-26 15:00:00,DOWN,MEDIUM,0.5618171848513671,0.29815217454323717,0.14003064060539547
2025-09-26 15:05:00,DOWN,MEDIUM,0.6119517737465643,0.2784096459976755,0.10963858025575943
2025-09-26 15:10:00,DOWN,HIGH,0.6835746620918373,0.2063370985588012,0.11008823934936164
2025-09-26 15:15:00,DOWN,MEDIUM,0.6257529876575693,0.2532437692477429,0.12100324309468713
2025-09-26 15:20:00,DOWN,LOW,0.5070418369748461,0.3203261335523489,0.17263202947280448
2025-09-26 15:25:00,DOWN,LOW,0.4376311989717943,0.28568747883732043,0.2766813221908853
2025-09-29 09:15:00,DOWN,LOW,0.36542620988865543,0.3005251716352684,0.3340486184760758
2025-09-29 09:20:00,UP,LOW,0.30127405175663396,0.33458721916996587,0.3641387290734002
2025-09-29 09:25:00,DOWN,LOW,0.4244434928485495,0.2869733880415627,0.28858311910988765
2025-09-29 09:30:00,SIDEWAYS,LOW,0.3029430508977112,0.38153199006648914,0.3155249590357998
2025-09-29 09:35:00,DOWN,LOW,0.3572897493438977,0.33697436242523443,0.3057358882308678
2025-09-29 09:40:00,UP,LOW,0.26733969570683286,0.2876690221076533,0.4449912821855137
2025-09-29 09:45:00,UP,LOW,0.21815817491992007,0.3244297593445237,0.4574120657355568
2025-09-29 09:50:00,UP,LOW,0.12608099426412742,0.33782050213769504,0.5360985035981771
2025-09-29 09:55:00,UP,HIGH,0.06441714667610662,0.21323094664489126,0.7223519066790016
2025-09-29 10:00:00,UP,HIGH,0.05231481374402775,0.17940076277486125,0.7682844234811106
2025-09-29 10:05:00,UP,HIGH,0.041679806775225876,0.1616484430290676,0.7966717501957065
2025-09-29 10:10:00,UP,HIGH,0.02057445268183663,0.1475598645616597,0.8318656827565032
2025-09-29 10:15:00,UP,HIGH,0.02457658638513292,0.1319595078977671,0.8434639057170994
2025-09-29 10:20:00,UP,HIGH,0.0196852584513153,0.1379626229559601,0.8423521185927239
2025-09-29 10:25:00,UP,HIGH,0.023648709792188034,0.15104372321096768,0.8253075669968439
2025-09-29 10:30:00,UP,HIGH,0.02440859935074038,0.13879976947802744,0.8367916311712317
2025-09-29 10:35:00,UP,HIGH,0.029048613835544104,0.1588721003571653,0.81207928580729
2025-09-29 10:40:00,UP,HIGH,0.036126319578820267,0.17326011321537038,0.7906135672058089
2025-09-29 10:45:00,UP,MEDIUM,0.07558745788287376,0.30223242323134175,0.6221801188857845
2025-09-29 10:50:00,UP,LOW,0.16213813311912356,0.3322640200815288,0.5055978467993478
2025-09-29 10:55:00,UP,LOW,0.16702057498291267,0.38822860814292864,0.44475081687415846
2025-09-29 11:00:00,UP,LOW,0.1651845946768627,0.3726325178989971,0.46218288742414027
2025-09-29 11:05:00,UP,MEDIUM,0.12968513184275693,0.23864134798775774,0.6316735201694855
2025-09-29 11:10:00,UP,MEDIUM,0.19847447607963295,0.24793414444822412,0.5535913794721434
2025-09-29 11:15:00,UP,LOW,0.21682278018505158,0.25865398675686874,0.5245232330580797
2025-09-29 11:20:00,DOWN,LOW,0.4119706700361997,0.2851653270625497,0.30286400290125054
2025-09-29 11:25:00,DOWN,LOW,0.5122060750568119,0.3061712531625855,0.18162267178060248
2025-09-29 11:30:00,DOWN,LOW,0.4636193991925415,0.3664372661282876,0.16994333467917094
2025-09-29 11:35:00,DOWN,MEDIUM,0.5829332605614497,0.2907050428938288,0.12636169654472137
2025-09-29 11:40:00,DOWN,MEDIUM,0.6000649017928495,0.2787785391731842,0.12115655903396659
2025-09-29 11:45:00,DOWN,LOW,0.5475169607172187,0.32485005131660005,0.12763298796618125
2025-09-29 11:50:00,DOWN,LOW,0.5063557546956079,0.36022644839480955,0.13341779690958233
2025-09-29 11:55:00,DOWN,LOW,0.5475492862129779,0.2690070755266314,0.18344363826039006
2025-09-29 12:00:00,DOWN,MEDIUM,0.5808296257008522,0.2743537879576492,0.14481658634149827
2025-09-29 12:05:00,DOWN,HIGH,0.7263906550664211,0.18151334484888026,0.09209600008469883
2025-09-29 12:10:00,DOWN,HIGH,0.7133071831841182,0.19544837964725273,0.0912444371686291
2025-09-29 12:15:00,DOWN,MEDIUM,0.6457369512325819,0.24308851055785838,0.11117453820955958
2025-09-29 12:20:00,DOWN,HIGH,0.7376308443927092,0.15892841897725912,0.10344073663003123
2025-09-29 12:25:00,DOWN,HIGH,0.8361909193942167,0.11398273869072749,0.049826341915055514
2025-09-29 12:30:00,DOWN,HIGH,0.7977992989872638,0.13463476453423945,0.06756593647849622
2025-09-29 12:35:00,DOWN,HIGH,0.8455604887945843,0.10923258513173538,0.04520692607367975
2025-09-29 12:40:00,DOWN,HIGH,0.7457392928741039,0.1892451644016801,0.06501554272421567
2025-09-29 12:45:00,DOWN,MEDIUM,0.6300720898843415,0.2652692202615562,0.10465868985410225
2025-09-29 12:50:00,DOWN,MEDIUM,0.634161386854203,0.2170637041275706,0.14877490901822593
2025-09-29 12:55:00,DOWN,HIGH,0.7122771069395026,0.20074023805241792,0.08698265500807952
2025-09-29 13:00:00,DOWN,MEDIUM,0.6248116545186765,0.25984434769980586,0.11534399778151726
2025-09-29 13:05:00,DOWN,MEDIUM,0.6208871992550861,0.23985958116879624,0.13925321957611753
2025-09-29 13:10:00,DOWN,LOW,0.4553651071177855,0.3608139285249723,0.18382096435724182
2025-09-29 13:15:00,DOWN,LOW,0.4876643467051238,0.2619457075744273,0.25038994572044915
2025-09-29 13:20:00,DOWN,LOW,0.49081655508363603,0.3272766457866542,0.18190679912970945
2025-09-29 13:25:00,DOWN,MEDIUM,0.5957426595971002,0.2295110977055702,0.17474624269733002
2025-09-29 13:30:00,DOWN,LOW,0.5188312897011398,0.25317020225802683,0.2279985080408333
2025-09-29 13:35:00,DOWN,LOW,0.4142814892011086,0.2345320015479535,0.3511865092509384
2025-09-29 13:40:00,UP,LOW,0.3049200476069851,0.2927823875402649,0.40229756485274937
2025-09-29 13:45:00,UP,LOW,0.2526064413382509,0.21062817465465136,0.5367653840070978
2025-09-29 13:50:00,UP,MEDIUM,0.17631169441017053,0.2254976726644876,0.5981906329253416
2025-09-29 13:55:00,UP,HIGH,0.1403669827697592,0.19173723217170685,0.6678957850585341
2025-09-29 14:00:00,UP,HIGH,0.1232401228481448,0.19321696824415316,0.6835429089077022
2025-09-29 14:05:00,UP,MEDIUM,0.16859458993082688,0.2512654703011677,0.5801399397680055
2025-09-29 14:10:00,UP,HIGH,0.14188546635349195,0.1767704347451283,0.6813440989013805
2025-09-29 14:15:00,UP,HIGH,0.11399794761608847,0.19202610164820585,0.6939759507357053
2025-09-29 14:20:00,UP,HIGH,0.12692505078812413,0.16560342615089352,0.7074715230609822
2025-09-29 14:25:00,UP,HIGH,0.12499259757766161,0.20355393461933674,0.6714534678030019
2025-09-29 14:30:00,UP,LOW,0.1798489282733869,0.27961329156642223,0.540537780160191
2025-09-29 14:35:00,UP,MEDIUM,0.21108048781473818,0.2246407224197852,0.5642787897654767
2025-09-29 14:40:00,UP,LOW,0.30345291085398146,0.2940380909998144,0.402508998146204
2025-09-29 14:45:00,UP,LOW,0.2266205051670975,0.30978513497763094,0.4635943598552716
2025-09-29 14:50:00,UP,LOW,0.22494835533552465,0.3044857289575247,0.4705659157069505
2025-09-29 14:55:00,UP,LOW,0.2886015117111312,0.28795679167111143,0.42344169661775705
2025-09-29 15:00:00,SIDEWAYS,LOW,0.3279795604720868,0.3458122009722238,0.3262082385556891
2025-09-29 15:05:00,SIDEWAYS,LOW,0.31527250494476183,0.3972384549745351,0.28748904008070336
2025-09-29 15:10:00,SIDEWAYS,LOW,0.34858012574561587,0.4090984142424937,0.2423214600118901
2025-09-29 15:15:00,DOWN,LOW,0.41132428378993036,0.3799317536524787,0.20874396255759053
2025-09-29 15:20:00,DOWN,LOW,0.4709602179808223,0.3518126352137971,0.17722714680537993
2025-09-29 15:25:00,DOWN,MEDIUM,0.5837335173140623,0.26422138215777213,0.15204510052816617
2025-09-30 09:15:00,DOWN,MEDIUM,0.5826973450572833,0.2578138638958686,0.15948879104684782
2025-09-30 09:20:00,DOWN,MEDIUM,0.6116512438827868,0.23649131428152004,0.15185744183569364
2025-09-30 09:25:00,DOWN,HIGH,0.6515989492632377,0.20897664057893936,0.13942441015782298
2025-09-30 09:30:00,DOWN,LOW,0.515595108367748,0.26943570274780154,0.21496918888445057
2025-09-30 09:35:00,DOWN,HIGH,0.7305550708193314,0.16975177116924106,0.09969315801142778
2025-09-30 09:40:00,DOWN,HIGH,0.7144445616237729,0.1757381468714854,0.10981729150474114
2025-09-30 09:45:00,DOWN,MEDIUM,0.6120324529949303,0.23115214015896465,0.15681540684610523
2025-09-30 09:50:00,DOWN,LOW,0.4828076799863313,0.29817211647503283,0.21902020353863605
2025-09-30 09:55:00,DOWN,LOW,0.3735737230247212,0.262864651359653,0.3635616256156256
2025-09-30 10:00:00,UP,LOW,0.32150614510446723,0.25706847456072296,0.42142538033480953
2025-09-30 10:05:00,UP,LOW,0.2660095860643105,0.24182312183548077,0.49216729210020815
2025-09-30 10:10:00,UP,LOW,0.3221952990504353,0.2537881245648698,0.42401657638469464
2025-09-30 10:15:00,DOWN,LOW,0.4167984360965409,0.2990809422265791,0.28412062167687985
2025-09-30 10:20:00,DOWN,LOW,0.4948171016043299,0.25188295532578425,0.25329994306988585
2025-09-30 10:25:00,DOWN,MEDIUM,0.5765905455217045,0.22353955012092808,0.19986990435736784
2025-09-30 10:30:00,DOWN,MEDIUM,0.5978194415361422,0.22756001202028442,0.17462054644357353
2025-09-30 10:35:00,DOWN,LOW,0.4161078936812212,0.32608721792328055,0.25780488839549776
2025-09-30 10:40:00,DOWN,LOW,0.408305927416032,0.38301240070535786,0.20868167187861
2025-09-30 10:45:00,DOWN,LOW,0.4397626623186638,0.37382026359489634,0.18641707408643987
2025-09-30 10:50:00,DOWN,LOW,0.40980195865645525,0.3770135989956513,0.21318444234789363
2025-09-30 10:55:00,DOWN,LOW,0.5237488778968222,0.2841510603438393,0.19210006175933816
2025-09-30 11:00:00,DOWN,MEDIUM,0.559394531593802,0.2712507945082775,0.1693546738979201
2025-09-30 11:05:00,DOWN,LOW,0.5236299039218755,0.27929740606308745,0.19707269001503724
2025-09-30 11:10:00,DOWN,LOW,0.5066767667584577,0.3136086055299895,0.17971462771155222
2025-09-30 11:15:00,DOWN,LOW,0.5359152179018966,0.2633075620656308,0.20077722003247334
2025-09-30 11:20:00,DOWN,LOW,0.5256945029144383,0.26693873510018074,0.20736676198538082
2025-09-30 11:25:00,DOWN,MEDIUM,0.5872015746427869,0.24014300352510717,0.17265542183210586
2025-09-30 11:30:00,DOWN,LOW,0.4370439689579884,0.3359652649409771,0.22699076610103422
2025-09-30 11:35:00,DOWN,LOW,0.5120190719559541,0.2648568001303454,0.22312412791370012
2025-09-30 11:40:00,DOWN,LOW,0.3685606951390333,0.27532005989884906,0.35611924496211744
2025-09-30 11:45:00,UP,LOW,0.2749193144026602,0.29112082798574235,0.43395985761159733
2025-09-30 11:50:00,UP,LOW,0.20191114626812323,0.2793160913257995,0.518772762406077
2025-09-30 11:55:00,UP,LOW,0.22108430299488357,0.3038607854703899,0.47505491153472634
2025-09-30 12:00:00,UP,LOW,0.1872961546456217,0.3334358655907076,0.47926797976366997
2025-09-30 12:05:00,SIDEWAYS,LOW,0.2107164096493904,0.40619708421635775,0.3830865061342516
2025-09-30 12:10:00,DOWN,LOW,0.3635563652272274,0.3395527002531497,0.29689093451962273
2025-09-30 12:15:00,SIDEWAYS,LOW,0.3387065248023327,0.37812086303467857,0.28317261216298845
2025-09-30 12:20:00,UP,LOW,0.18475619230130125,0.4073132517109801,0.40793055598771805
2025-09-30 12:25:00,SIDEWAYS,LOW,0.17515161277932145,0.47474215747852583,0.35010622974215255
2025-09-30 12:30:00,SIDEWAYS,LOW,0.1525394754730255,0.5330487484570896,0.3144117760698849
2025-09-30 12:35:00,SIDEWAYS,LOW,0.14446555518316362,0.521764585784276,0.3337698590325605
2025-09-30 12:40:00,SIDEWAYS,LOW,0.23816967946933915,0.44100339680258854,0.3208269237280721
2025-09-30 12:45:00,SIDEWAYS,LOW,0.20850089866156823,0.5490675531932012,0.24243154814523044
2025-09-30 12:50:00,SIDEWAYS,LOW,0.19429604960116573,0.5306901668261775,0.2750137835726571
2025-09-30 12:55:00,SIDEWAYS,MEDIUM,0.19158513153936152,0.5576950522242137,0.2507198162364244
2025-09-30 13:00:00,SIDEWAYS,LOW,0.2111594072520061,0.4344853334516991,0.3543552592962946
2025-09-30 13:05:00,UP,LOW,0.13931926097950392,0.41815995647271703,0.44252078254777916
2025-09-30 13:10:00,UP,LOW,0.11660320910264069,0.35919738796740736,0.524199402929952
2025-09-30 13:15:00,UP,LOW,0.11003923424863479,0.3850866731210407,0.5048740926303242
2025-09-30 13:20:00,SIDEWAYS,LOW,0.14468880701572187,0.5251986183701663,0.3301125746141124
2025-09-30 13:25:00,SIDEWAYS,LOW,0.20651680403141648,0.48735194787464736,0.3061312480939361
2025-09-30 13:30:00,SIDEWAYS,LOW,0.24045693423869452,0.5211211066664112,0.23842195909489447
2025-09-30 13:35:00,SIDEWAYS,LOW,0.3354656087168071,0.44726253311869396,0.21727185816449937
2025-09-30 13:40:00,SIDEWAYS,LOW,0.33680842456979476,0.45659950056946524,0.2065920748607399
2025-09-30 13:45:00,SIDEWAYS,MEDIUM,0.23994367293886143,0.5814149920509092,0.1786413350102294
2025-09-30 13:50:00,SIDEWAYS,MEDIUM,0.26545929079566416,0.5856014099599348,0.1489392992444013
2025-09-30 13:55:00,SIDEWAYS,MEDIUM,0.2645848037150426,0.598149240147064,0.13726595613789308
2025-09-30 14:00:00,SIDEWAYS,MEDIUM,0.2950565896574291,0.5741622250318174,0.13078118531075336
2025-09-30 14:05:00,SIDEWAYS,LOW,0.3625015733116552,0.4769392030313457,0.1605592236569989
2025-09-30 14:10:00,SIDEWAYS,LOW,0.4339883945231034,0.46886877917541414,0.09714282630148219
2025-09-30 14:15:00,DOWN,MEDIUM,0.5568629104469826,0.37404939858323816,0.06908769096977925
2025-09-30 14:20:00,DOWN,LOW,0.5163404538883795,0.39716254419752034,0.08649700191410012
2025-09-30 14:25:00,DOWN,LOW,0.5186530328502279,0.4031419793662713,0.0782049877835011
2025-09-30 14:30:00,DOWN,LOW,0.46244935591866276,0.45259219287884084,0.08495845120249594
2025-09-30 14:35:00,SIDEWAYS,LOW,0.40279916702009144,0.4973323112048401,0.09986852177506847
2025-09-30 14:40:00,SIDEWAYS,LOW,0.3569630719211458,0.5248861838986116,0.11815074418024277
2025-09-30 14:45:00,SIDEWAYS,LOW,0.33914755745780084,0.5334265615423402,0.1274258809998596
2025-09-30 14:50:00,SIDEWAYS,LOW,0.3492910780729641,0.492977019734164,0.15773190219287153
2025-09-30 14:55:00,SIDEWAYS,LOW,0.35641546289205445,0.4740632610790872,0.16952127602885794
2025-09-30 15:00:00,DOWN,LOW,0.4494798400656983,0.4035099886998235,0.14701017123447765
2025-09-30 15:05:00,DOWN,MEDIUM,0.592569314627529,0.2837673598512914,0.12366332552117953
2025-09-30 15:10:00,DOWN,LOW,0.48424917734937384,0.3640452377582378,0.15170558489238833
2025-09-30 15:15:00,DOWN,LOW,0.4275130293242718,0.38925118458237534,0.18323578609335273
2025-09-30 15:20:00,DOWN,LOW,0.4471459249978204,0.30883662191372174,0.24401745308845751
2025-09-30 15:25:00,SIDEWAYS,LOW,0.3251829298123524,0.4221926629112157,0.2526244072764318
2025-10-01 09:15:00,UP,LOW,0.27915609604912733,0.35731128147962393,0.3635326224712483
2025-10-01 09:20:00,SIDEWAYS,LOW,0.30928096161720353,0.428476514875483,0.2622425235073132
2025-10-01 09:25:00,SIDEWAYS,LOW,0.27063171748128906,0.4459011139064113,0.28346716861229965
2025-10-01 09:30:00,SIDEWAYS,LOW,0.23882061704555582,0.43286789449550006,0.32831148845894376
2025-10-01 09:35:00,SIDEWAYS,LOW,0.25252687045633426,0.46192613612938405,0.2855469934142816
2025-10-01 09:40:00,SIDEWAYS,LOW,0.3567301437962738,0.36875297666927326,0.27451687953445253
2025-10-01 09:45:00,UP,LOW,0.31321420548358386,0.33128005624639806,0.3555057382700179
2025-10-01 09:50:00,SIDEWAYS,LOW,0.23644455015058247,0.38660046562948724,0.37695498421993
2025-10-01 09:55:00,UP,LOW,0.18624370139877405,0.3667724102604303,0.4469838883407953
2025-10-01 10:00:00,UP,MEDIUM,0.16274979278825724,0.27570912359201605,0.5615410836197264
2025-10-01 10:05:00,UP,LOW,0.19447498661125345,0.26953842814334644,0.5359865852454
2025-10-01 10:10:00,UP,MEDIUM,0.14169960118259353,0.2771403900178079,0.5811600087995992
2025-10-01 10:15:00,UP,MEDIUM,0.12862557401207086,0.2690691863522743,0.6023052396356546
2025-10-01 10:20:00,UP,MEDIUM,0.12022922464902215,0.2512110037037182,0.6285597716472598
2025-10-01 10:25:00,UP,MEDIUM,0.13370458405966637,0.24956088700304035,0.6167345289372931
2025-10-01 10:30:00,UP,HIGH,0.10897298276736977,0.18583762053768324,0.7051893966949467
2025-10-01 10:35:00,UP,HIGH,0.118398391195661,0.21904248503348778,0.6625591237708519
2025-10-01 10:40:00,UP,LOW,0.19394823025417415,0.3092682098832373,0.4967835598625881
2025-10-01 10:45:00,UP,LOW,0.24742762235096577,0.3236221315212477,0.42895024612778626
2025-10-01 10:50:00,DOWN,LOW,0.38005156036080684,0.2783734312179671,0.3415750084212259
2025-10-01 10:55:00,DOWN,LOW,0.43372329590507813,0.2545105950746189,0.3117661090203028
2025-10-01 11:00:00,DOWN,LOW,0.38319022942538905,0.249144608312376,0.3676651622622343
2025-10-01 11:05:00,UP,MEDIUM,0.2036442217425516,0.23268148872205469,0.5636742895353936
2025-10-01 11:10:00,UP,LOW,0.18033456135762707,0.33475876444653063,0.4849066741958423
2025-10-01 11:15:00,UP,LOW,0.16410365284215403,0.3787437351983002,0.45715261195954554
2025-10-01 11:20:00,UP,LOW,0.17072313873241188,0.3151775199431812,0.5140993413244068
2025-10-01 11:25:00,UP,LOW,0.1959818470182873,0.33271950406804424,0.4712986489136683
2025-10-01 11:30:00,UP,LOW,0.2514696563365769,0.3595557667536997,0.38897457690972304
2025-10-01 11:35:00,UP,LOW,0.26976230258134,0.33003101558561443,0.40020668183304575
2025-10-01 11:40:00,UP,LOW,0.1547647484482595,0.3670845125574562,0.47815073899428434
2025-10-01 11:45:00,UP,MEDIUM,0.0910273588270471,0.3015809517842149,0.6073916893887381
2025-10-01 11:50:00,UP,HIGH,0.06322398931048964,0.2579593124639207,0.6788166982255898
2025-10-01 11:55:00,UP,HIGH,0.03225346336800231,0.17399452560138934,0.7937520110306078
2025-10-01 12:00:00,UP,HIGH,0.022602714892012515,0.17226273082251647,0.8051345542854709
2025-10-01 12:05:00,UP,HIGH,0.026369244624336215,0.17334400111850018,0.8002867542571629
2025-10-01 12:10:00,UP,HIGH,0.02882327193308819,0.17478837026362698,0.7963883578032842
2025-10-01 12:15:00,UP,HIGH,0.026469937787799186,0.17326305880020723,0.8002670034119932
2025-10-01 12:20:00,UP,HIGH,0.049022841941166115,0.1708712468163099,0.7801059112425243
2025-10-01 12:25:00,UP,HIGH,0.04718838068786451,0.17269620628677218,0.7801154130253631
2025-10-01 12:30:00,UP,HIGH,0.046694506242563195,0.16098159617510654,0.7923238975823298
2025-10-01 12:35:00,UP,HIGH,0.0645909329383426,0.16191367767689133,0.7734953893847657
2025-10-01 12:40:00,UP,HIGH,0.0691862943433331,0.23383955628026787,0.6969741493763987
2025-10-01 12:45:00,UP,HIGH,0.08505949910177808,0.22075242159335923,0.6941880793048625
2025-10-01 12:50:00,UP,MEDIUM,0.1075569488896105,0.25068777892987537,0.6417552721805139
2025-10-01 12:55:00,UP,LOW,0.19357995817740087,0.30179889164859286,0.5046211501740064
2025-10-01 13:00:00,UP,LOW,0.2251395503148859,0.3256573372095909,0.4492031124755228
2025-10-01 13:05:00,DOWN,LOW,0.3472374411454568,0.3268720626532576,0.32589049620128513
2025-10-01 13:10:00,DOWN,LOW,0.4166107107474918,0.31303669297313536,0.2703525962793727
2025-10-01 13:15:00,DOWN,LOW,0.42026602864197576,0.33519869965078813,0.24453527170723632
2025-10-01 13:20:00,DOWN,LOW,0.4928045556385866,0.3064300323689673,0.20076541199244577
2025-10-01 13:25:00,SIDEWAYS,LOW,0.3675606467407203,0.3985141084202289,0.23392524483905072
2025-10-01 13:30:00,DOWN,LOW,0.4642285545242036,0.3374755504051392,0.19829589507065695
2025-10-01 13:35:00,SIDEWAYS,LOW,0.3019346818117649,0.49558754682529016,0.20247777136294476
2025-10-01 13:40:00,SIDEWAYS,LOW,0.28572403384772904,0.48150591104470314,0.23277005510756732
2025-10-01 13:45:00,SIDEWAYS,LOW,0.34084014120505157,0.414293854826501,0.24486600396844674
2025-10-01 13:50:00,SIDEWAYS,LOW,0.3645756432149428,0.4095113749182058,0.22591298186685146
2025-10-01 13:55:00,SIDEWAYS,LOW,0.27088110461563486,0.4789025944186258,0.25021630096573944
2025-10-01 14:00:00,SIDEWAYS,LOW,0.19691899162875462,0.41143562880082596,0.39164537957041967
2025-10-01 14:05:00,UP,LOW,0.16930631363036844,0.4112790426751516,0.4194146436944798
2025-10-01 14:10:00,SIDEWAYS,LOW,0.14015872908490476,0.4671588908293319,0.39268238008576345
2025-10-01 14:15:00,UP,LOW,0.0984469213958648,0.40358070592796486,0.4979723726761703
2025-10-01 14:20:00,SIDEWAYS,LOW,0.13017023408231557,0.5335179254036303,0.33631184051405394
2025-10-01 14:25:00,SIDEWAYS,LOW,0.10452918264881768,0.48970114848393,0.4057696688672524
2025-10-01 14:30:00,SIDEWAYS,LOW,0.09651351264579745,0.5356848693202332,0.36780161803396977
2025-10-01 14:35:00,SIDEWAYS,LOW,0.07537464157550158,0.5073332850509882,0.4172920733735103
2025-10-01 14:40:00,UP,LOW,0.07446324800320092,0.4103917479622659,0.5151450040345333
2025-10-01 14:45:00,UP,MEDIUM,0.054932173164734706,0.3597912552664728,0.5852765715687923
2025-10-01 14:50:00,UP,HIGH,0.031819328664148695,0.21804120759567705,0.7501394637401739
2025-10-01 14:55:00,UP,HIGH,0.044735785659895784,0.23004883501319,0.7252153793269136
2025-10-01 15:00:00,UP,MEDIUM,0.04982972455887043,0.3108246093649369,0.639345666076193
2025-10-01 15:05:00,UP,HIGH,0.04082992715737957,0.21716308570787526,0.742006987134746
2025-10-01 15:10:00,UP,HIGH,0.059004731490089134,0.2638001283243385,0.6771951401855727
2025-10-01 15:15:00,UP,MEDIUM,0.07573012125121502,0.3507249268767009,0.5735449518720839
2025-10-01 15:20:00,UP,MEDIUM,0.07646074338229174,0.32010914715937594,0.6034301094583321
2025-10-01 15:25:00,UP,MEDIUM,0.06439640808465526,0.28890001951598115,0.6467035723993638
2025-10-03 09:15:00,UP,MEDIUM,0.11430652809421851,0.30401438676433223,0.5816790851414495
2025-10-03 09:20:00,UP,LOW,0.16674457541509533,0.2955126067444572,0.5377428178404472
2025-10-03 09:25:00,SIDEWAYS,LOW,0.24753178243907248,0.39483167512634976,0.35763654243457776
2025-10-03 09:30:00,DOWN,LOW,0.36142550091251163,0.357142970363324,0.28143152872416427
2025-10-03 09:35:00,DOWN,LOW,0.4255530431844248,0.2970421740340843,0.27740478278149083
2025-10-03 09:40:00,DOWN,LOW,0.40904023496704517,0.3077484664614647,0.2832112985714898
2025-10-03 09:45:00,DOWN,LOW,0.4574779694427349,0.31692642415630135,0.22559560640096307
2025-10-03 09:50:00,DOWN,LOW,0.4026611553966578,0.34512390120196507,0.2522149434013768
2025-10-03 09:55:00,DOWN,LOW,0.42000737205899397,0.34354594515099707,0.23644668279000863
2025-10-03 10:00:00,DOWN,LOW,0.4808859774313987,0.240151088507447,0.27896293406115436
2025-10-03 10:05:00,DOWN,MEDIUM,0.6295318154588815,0.19537585692400655,0.17509232761711171
2025-10-03 10:10:00,DOWN,MEDIUM,0.6288430706511225,0.2009128676338811,0.17024406171499623
2025-10-03 10:15:00,DOWN,HIGH,0.6559685416789207,0.208370445461583,0.13566101285949628
2025-10-03 10:20:00,DOWN,HIGH,0.7101131940917353,0.17817218749441194,0.1117146184138535
2025-10-03 10:25:00,DOWN,LOW,0.45158118434860095,0.34125589642058674,0.2071629192308123
2025-10-03 10:30:00,DOWN,LOW,0.3602338886918244,0.33774691182704597,0.3020191994811294
2025-10-03 10:35:00,UP,LOW,0.31791243528202706,0.2764960955725033,0.4055914691454693
2025-10-03 10:40:00,UP,LOW,0.2733052643815511,0.2900183414242274,0.43667639419422094
2025-10-03 10:45:00,UP,LOW,0.2983759589493044,0.29809961711343996,0.40352442393725535
2025-10-03 10:50:00,UP,LOW,0.34714414349315115,0.28518411065337557,0.3676717458534728
2025-10-03 10:55:00,DOWN,LOW,0.5053958852737974,0.2766676971265927,0.2179364175996093
2025-10-03 11:00:00,DOWN,LOW,0.5323338720822616,0.25578487878427236,0.211881249133466
2025-10-03 11:05:00,DOWN,LOW,0.44483113983970346,0.28966467424293335,0.2655041859173626
2025-10-03 11:10:00,DOWN,LOW,0.42560513734745675,0.27219613150700855,0.3021987311455346
2025-10-03 11:15:00,UP,LOW,0.2574781226035316,0.2751457307264152,0.4673761466700526
2025-10-03 11:20:00,UP,LOW,0.2359930116896153,0.2717842534823711,0.49222273482801315
2025-10-03 11:25:00,UP,LOW,0.28166146903083517,0.26414653307773084,0.4541919978914337
2025-10-03 11:30:00,DOWN,LOW,0.42043280377245923,0.2860410030922953,0.2935261931352454
2025-10-03 11:35:00,DOWN,LOW,0.48140784198509606,0.2536382623385662,0.26495389567633704
2025-10-03 11:40:00,DOWN,LOW,0.5096152050469701,0.2698622408510253,0.22052255410200416
2025-10-03 11:45:00,SIDEWAYS,LOW,0.3735438794377727,0.37526263520571856,0.25119348535650854
2025-10-03 11:50:00,SIDEWAYS,LOW,0.25106333030541916,0.41359307327896505,0.33534359641561545
2025-10-03 11:55:00,UP,LOW,0.18699830248583152,0.4015493627856003,0.4114523347285682
2025-10-03 12:00:00,UP,LOW,0.14683697863045878,0.3483824742665342,0.5047805471030068
2025-10-03 12:05:00,UP,MEDIUM,0.0974285289519636,0.33802441590857846,0.5645470551394578
2025-10-03 12:10:00,UP,LOW,0.08038418492804551,0.39289646800289724,0.526719347069057
2025-10-03 12:15:00,SIDEWAYS,LOW,0.12450003545505017,0.5418154536280568,0.3336845109168924
2025-10-03 12:20:00,SIDEWAYS,MEDIUM,0.13364846150895024,0.5655425575791849,0.30080898091186475
2025-10-03 12:25:00,SIDEWAYS,LOW,0.1398035272237618,0.5439952084419304,0.3162012643343078
2025-10-03 12:30:00,SIDEWAYS,MEDIUM,0.14855384981843486,0.593781389217058,0.2576647609645072
2025-10-03 12:35:00,SIDEWAYS,LOW,0.133399326712341,0.5296987744334879,0.3369018988541711
2025-10-03 12:40:00,SIDEWAYS,LOW,0.1328187789942931,0.5088369583567086,0.3583442626489981
2025-10-03 12:45:00,SIDEWAYS,LOW,0.17625993437589904,0.48762339407067173,0.336116671553429
2025-10-03 12:50:00,SIDEWAYS,LOW,0.21305382558231326,0.43062060922017215,0.3563255651975144
2025-10-03 12:55:00,UP,LOW,0.1773468590818111,0.3249826193943521,0.49767052152383645
2025-10-03 13:00:00,UP,LOW,0.24974894022657834,0.31210725315844184,0.43814380661498
2025-10-03 13:05:00,SIDEWAYS,LOW,0.36150203259384167,0.3752033270846177,0.26329464032154043
2025-10-03 13:10:00,DOWN,LOW,0.4154444051408587,0.33239899915763294,0.2521565957015081
2025-10-03 13:15:00,DOWN,LOW,0.4418949306635298,0.3090711208078465,0.24903394852862373
2025-10-03 13:20:00,DOWN,MEDIUM,0.5715001251097405,0.2562426626875783,0.17225721220268134
2025-10-03 13:25:00,DOWN,LOW,0.392607153213332,0.36856508947178834,0.23882775731488
2025-10-03 13:30:00,SIDEWAYS,LOW,0.3443448200874131,0.35250725114920994,0.3031479287633766
2025-10-03 13:35:00,SIDEWAYS,LOW,0.3377273725851218,0.35051797966379294,0.31175464775108447
2025-10-03 13:40:00,SIDEWAYS,LOW,0.21541816196702834,0.4008147156786791,0.3837671223542931
2025-10-03 13:45:00,SIDEWAYS,LOW,0.22832926434750742,0.44662195789847864,0.3250487777540133
2025-10-03 13:50:00,SIDEWAYS,LOW,0.22542687991922544,0.4523345044042651,0.32223861567650924
2025-10-03 13:55:00,SIDEWAYS,LOW,0.19959951099064027,0.4236411327320975,0.376759356277262
2025-10-03 14:00:00,SIDEWAYS,LOW,0.17388740644585196,0.4190718191448841,0.4070407744092638
2025-10-03 14:05:00,SIDEWAYS,LOW,0.16504111446762354,0.4889034443896343,0.34605544114274234
2025-10-03 14:10:00,SIDEWAYS,MEDIUM,0.2040912777926324,0.5850409053018274,0.21086781690554035
2025-10-03 14:15:00,SIDEWAYS,LOW,0.3039166569691965,0.4926889167643866,0.2033944262664168
2025-10-03 14:20:00,SIDEWAYS,LOW,0.34515151258262744,0.4691391590233012,0.18570932839407117
2025-10-03 14:25:00,SIDEWAYS,LOW,0.35252059765711,0.4556618393377844,0.19181756300510547
2025-10-03 14:30:00,SIDEWAYS,MEDIUM,0.2350860003150835,0.563230213240865,0.20168378644405105
2025-10-03 14:35:00,SIDEWAYS,MEDIUM,0.1929323021853266,0.5500102383371643,0.257057459477509
2025-10-03 14:40:00,SIDEWAYS,LOW,0.16869780938609283,0.4394795932490524,0.391822597364855
2025-10-03 14:45:00,SIDEWAYS,LOW,0.210201515941017,0.48896149509252834,0.3008369889664547
2025-10-03 14:50:00,UP,LOW,0.18860572523470048,0.38103595758105746,0.4303583171842421
2025-10-03 14:55:00,SIDEWAYS,LOW,0.2684370388593558,0.4332663807375794,0.29829658040306506
2025-10-03 15:00:00,DOWN,LOW,0.4033414914981586,0.35150137274087906,0.2451571357609618
2025-10-03 15:05:00,DOWN,LOW,0.39017739836918336,0.32446827718198573,0.28535432444883085
2025-10-03 15:10:00,UP,LOW,0.2410166911612097,0.3792901122324459,0.37969319660634415
2025-10-03 15:15:00,UP,MEDIUM,0.13657551167793,0.26287698918339825,0.6005474991386722
2025-10-03 15:20:00,UP,HIGH,0.07226599903411708,0.21810932136188232,0.7096246796040003
2025-10-03 15:25:00,UP,HIGH,0.05628291256703286,0.19143621191152063,0.752280875521446
2025-10-06 09:15:00,UP,HIGH,0.06371128465402753,0.1804816161730449,0.7558070991729277
2025-10-06 09:20:00,UP,HIGH,0.053415954753334965,0.20533187838301642,0.7412521668636487
2025-10-06 09:25:00,UP,HIGH,0.04387282401329788,0.167882877010853,0.7882442989758488
2025-10-06 09:30:00,UP,MEDIUM,0.07239671437292346,0.286130523096727,0.64147276253035
2025-10-06 09:35:00,UP,HIGH,0.054555009243260184,0.22164185698014316,0.7238031337765964
2025-10-06 09:40:00,UP,HIGH,0.0619804540560823,0.22637712590627823,0.7116424200376386
2025-10-06 09:45:00,UP,MEDIUM,0.08283438946744698,0.3209829390840163,0.5961826714485363
2025-10-06 09:50:00,UP,MEDIUM,0.08794751655932778,0.33660924004354487,0.5754432433971275
2025-10-06 09:55:00,UP,MEDIUM,0.10793442707436161,0.3234414822354301,0.568624090690209
2025-10-06 10:00:00,UP,MEDIUM,0.08876795166245459,0.2852309657829927,0.6260010825545532
2025-10-06 10:05:00,UP,HIGH,0.06806831908188672,0.18555524439123736,0.7463764365268758
2025-10-06 10:10:00,UP,HIGH,0.09229649229453268,0.22314516613645524,0.6845583415690121
2025-10-06 10:15:00,UP,MEDIUM,0.12360177314207277,0.289539886973685,0.5868583398842422
2025-10-06 10:20:00,UP,MEDIUM,0.1573075130212358,0.23318919917156236,0.6095032878072019
2025-10-06 10:25:00,UP,MEDIUM,0.10220989935178043,0.32534014527504773,0.5724499553731722
2025-10-06 10:30:00,UP,HIGH,0.08061919036552666,0.23020095517326458,0.6891798544612086
2025-10-06 10:35:00,UP,HIGH,0.0618178602866487,0.21466300485354245,0.7235191348598082
2025-10-06 10:40:00,UP,HIGH,0.06691036469400319,0.2562361077073068,0.6768535275986901
2025-10-06 10:45:00,UP,MEDIUM,0.08561457618651962,0.33659922429966455,0.5777861995138155
2025-10-06 10:50:00,UP,MEDIUM,0.08378879176514982,0.36474704179886946,0.5514641664359807
2025-10-06 10:55:00,UP,MEDIUM,0.07615270048994355,0.3060458918713424,0.6178014076387139
2025-10-06 11:00:00,UP,MEDIUM,0.06710509620686558,0.3110044568579725,0.6218904469351613
2025-10-06 11:05:00,UP,MEDIUM,0.05110298648062034,0.30189515676877,0.6470018567506097
2025-10-06 11:10:00,UP,HIGH,0.037495499981440944,0.2726608788470934,0.6898436211714656
2025-10-06 11:15:00,UP,LOW,0.0544006125383629,0.4005646125837098,0.5450347748779276
2025-10-06 11:20:00,UP,LOW,0.04743634338692214,0.41768104668954154,0.534882609923536
2025-10-06 11:25:00,UP,MEDIUM,0.05900626421636392,0.3580151434927004,0.5829785922909355
2025-10-06 11:30:00,SIDEWAYS,LOW,0.07639889421350574,0.5098455132107305,0.4137555925757635
2025-10-06 11:35:00,SIDEWAYS,LOW,0.08323522668082961,0.48644173390655265,0.4303230394126176
2025-10-06 11:40:00,SIDEWAYS,LOW,0.07284721959086157,0.4906463819208518,0.4365063984882863
2025-10-06 11:45:00,SIDEWAYS,LOW,0.0949641364274685,0.4561473844724115,0.44888847910011936
2025-10-06 11:50:00,SIDEWAYS,LOW,0.14885565328884806,0.46153192603017934,0.38961242068097246
2025-10-06 11:55:00,SIDEWAYS,LOW,0.15107693527289168,0.43841372590824135,0.4105093388188668
2025-10-06 12:00:00,UP,MEDIUM,0.12223045507705929,0.290123325879744,0.5876462190431968
2025-10-06 12:05:00,UP,LOW,0.1622887259744713,0.3916245705413323,0.4460867034841963
2025-10-06 12:10:00,UP,LOW,0.1659928558307552,0.4157242951061027,0.41828284906314156
2025-10-06 12:15:00,UP,LOW,0.14072366783022575,0.3928499520563683,0.4664263801134056
2025-10-06 12:20:00,UP,LOW,0.19502042691509738,0.3366076165418529,0.4683719565430495
2025-10-06 12:25:00,SIDEWAYS,LOW,0.2166092412349211,0.46553325501259935,0.31785750375247984
2025-10-06 12:30:00,SIDEWAYS,LOW,0.2239940086459275,0.478856581002812,0.29714941035126047
2025-10-06 12:35:00,SIDEWAYS,LOW,0.22429598889419153,0.5461043970906175,0.22959961401519144
2025-10-06 12:40:00,SIDEWAYS,LOW,0.26278314629150185,0.5043711679451401,0.2328456857633572
2025-10-06 12:45:00,SIDEWAYS,MEDIUM,0.21763145418863586,0.5968043359218584,0.1855642098895054
2025-10-06 12:50:00,SIDEWAYS,HIGH,0.12499284936677706,0.6735871735343634,0.20141997709885925
2025-10-06 12:55:00,SIDEWAYS,MEDIUM,0.11726448063634791,0.6361969515952259,0.24653856776842564
2025-10-06 13:00:00,SIDEWAYS,LOW,0.11496102039658666,0.5307021893964766,0.35433679020693615
2025-10-06 13:05:00,SIDEWAYS,MEDIUM,0.07409246983105303,0.6210192957808892,0.30488823438805684
2025-10-06 13:10:00,SIDEWAYS,MEDIUM,0.06124432997191625,0.5889137492676896,0.34984192076039394
2025-10-06 13:15:00,SIDEWAYS,LOW,0.07387523525682453,0.5488038977682108,0.37732086697496375
2025-10-06 13:20:00,SIDEWAYS,MEDIUM,0.05380866565787391,0.5956541235989818,0.35053721074314387
2025-10-06 13:25:00,SIDEWAYS,MEDIUM,0.03816687092176223,0.5752562462403302,0.3865768828379067
2025-10-06 13:30:00,SIDEWAYS,LOW,0.022667731582050012,0.4908582437082086,0.48647402470974155
2025-10-06 13:35:00,UP,MEDIUM,0.01586124235121777,0.4325801037917907,0.5515586538569913
2025-10-06 13:40:00,UP,HIGH,0.012705076757462087,0.3004897461013749,0.686805177141163
2025-10-06 13:45:00,UP,HIGH,0.01683977450484888,0.2693357795202121,0.713824445974939
2025-10-06 13:50:00,UP,HIGH,0.017051101433720166,0.23672501521477282,0.746223883351507
2025-10-06 13:55:00,UP,HIGH,0.025361213970903296,0.24327394057007207,0.7313648454590248
2025-10-06 14:00:00,UP,HIGH,0.03607992379559653,0.26772853767867194,0.6961915385257317
2025-10-06 14:05:00,UP,MEDIUM,0.06758576007679681,0.37583886085227364,0.5565753790709292
2025-10-06 14:10:00,UP,LOW,0.07156115817308815,0.4152172778183452,0.5132215640085666
2025-10-06 14:15:00,UP,LOW,0.11671005774033531,0.42521592355471943,0.45807401870494485
2025-10-06 14:20:00,UP,LOW,0.0968850174570714,0.35896853675731494,0.5441464457856131
2025-10-06 14:25:00,UP,LOW,0.1215075523939033,0.36256164353705067,0.515930804069046
2025-10-06 14:30:00,SIDEWAYS,LOW,0.16644205808662588,0.4346792276726046,0.39887871424076926
